{"current":{"color--accent":"#fff8d9","color-text":"#444444","color--alternative":"#ffffff","color-page-bg":"#ffffff","color-panel-bg":"#f7f7f7","color-border":"#ebebeb","color-error":"#f66767","color-button":"#ffffff","color-button-bg":"#444444","color-header-bg":"#f7f7f7","color-header":"#444444","color-header-cart":"#444444","bg-color--footer":"#f7f7f7","color--footer":"#333333","color-slider-caption":"#444444","color-slider-caption-bg":"#ffffff","color-slider-button":"#f7f7f7","color-slider-button-bg":"#444444","color-slider-nav":"#444444","color-grid-sale":"#ffffff","color-grid-sale-bg":"#444444","color-grid-sold-out":"#ffffff","color-grid-sold-out-bg":"#cccccc","color-tabs-accordions":"#ebebeb","typography--heading":"futura_n4","typography--heading--uppercase":false,"typography--heading--size":"medium","typography--accent":"karla_n4","typography--paragraph":"karla_n4","typography--paragraph--size":"medium","hover-image-enabled":false,"brand-show":false,"search--show-in-header":true,"search--show-articles":false,"search--show-pages":false,"social--facebook--url":"","social--twitter--url":"","social--instagram--url":"","social--vimeo--url":"","social--pinterest--url":"","social--youtube--url":"","social--share-image":"","popup--enabled":false,"popup--test-mode":false,"popup--image":"","popup--image-url":"","popup--page-content":"","popup--newsletter--enabled":true,"popup--newsletter--heading":"Sign up to our mailing list","popup--social-icons--enabled":true,"popup--seconds-range":3,"popup--days-range":7,"favicon":"","hide-tags":"featured, pinned","cart--type":"drawer","cart--show-note":false,"checkout_header_image":"","checkout_logo_image":"shopify:\/\/shop_images\/logo2.png","checkout_logo_position":"left","checkout_logo_size":"small","checkout_body_background_image":"","checkout_body_background_color":"#ffffff","checkout_input_background_color_mode":"white","checkout_sidebar_background_image":"","checkout_sidebar_background_color":"#000000","checkout_heading_font":"-apple-system, BlinkMacSystemFont, 'Segoe UI', Roboto, Helvetica, Arial, sans-serif, 'Apple Color Emoji', 'Segoe UI Emoji', 'Segoe UI Symbol'","checkout_body_font":"-apple-system, BlinkMacSystemFont, 'Segoe UI', Roboto, Helvetica, Arial, sans-serif, 'Apple Color Emoji', 'Segoe UI Emoji', 'Segoe UI Symbol'","checkout_accent_color":"#000000","checkout_button_color":"#000101","checkout_error_color":"#e32c2b","color-text-alt":"#999999","color-button-bg-hover":"#777777","color-twitter-tone":"light","color-slider-button-hover-bg":"#999999","color-product-slider-bg":"#ffffff","color-featured-promo-bg":"#f7f7f7","color-social-feed-bg":"#ffffff","color-product-cart-button":"#f7f7f7","color-product-cart-button-bg":"#444444","color-product-cart-button-bg-hover":"#999999","sections":{"header":{"type":"header","settings":{"transparent-menu":false,"header-account-show":true,"cart--icon":"bag","header-menu-center":false,"menu":"main-menu","show-currency-selector":false,"show-locale-selector":false,"header-logo-center":false,"logo":"shopify:\/\/shop_images\/logo2.png","logo-height":35}},"product":{"type":"product","settings":{"product-breadcrumbs-show":false,"variant-style":"dropdowns","swatches-enabled":true,"smart-payment-button":true,"product-unavailable-form-show":true,"low-in-stock-amount":0,"product-modal-enabled":true,"image-zoom-enabled":true,"loop-enabled":false,"cart-form-position":"left","product-size-chart-enabled":false,"product-size-chart-option":"size","product-size-chart-page-content":"","product-share-this-show":false,"product-share-twitter":false,"product-share-facebook":false,"product-share-pinterest":false}},"collection":{"type":"collection","settings":{"collections-breadcrumbs-show":false,"collections-tags-show":false,"show-title":false,"collections-products-per-row":"4","mobile-items-per-row":"2"}},"1519177052247":{"type":"slideshow","blocks":{"1519177052247-0":{"type":"image","settings":{"image":"shopify:\/\/shop_images\/IMG_0844_4b3d1a5a-b6c6-4679-9e25-697808691680.JPG","slide-title":"","slide-tagline":"","slide-link-url":"shopify:\/\/collections\/all","slide-link-title":"Shop now","slide-y-pos":"middle","slide-x-pos":"left","slide-text-pos":"text-left"}}},"block_order":["1519177052247-0"],"settings":{"autoplay":true,"transition_style":"default","rotate-frequency-range":7}},"1519177108222":{"type":"framework--featured-content","settings":{"full-width":true,"background-color":"dark","text-position":"right","text-width":"large","overlap":false,"transparent-overlap":true,"alternative-color":true,"image":"shopify:\/\/shop_images\/ring-sizer-1_1500x_ec095cd6-e072-44fa-9e7c-7c97c7db4e34.jpeg","title":"Find your perfect fit!","description":"<p><strong>Get our free ring sizer to determine your size from home. <br><\/strong><\/p>","link-url":"shopify:\/\/products\/ring-sizer","link-text":"Find my size!"}},"1519177181912":{"type":"featured-collection","settings":{"background-color":"none","home-product-slider-collection":"rose-gold-tungsten-wedding-bands","max_products":12}},"announcement":{"type":"announcement","settings":{"enabled":true,"home-page-only":true,"background-color":"dark","alternative-color":true,"icon":"","text":"FREE SHIPPING WITHIN THE US AND CANADA | WE ARE OPEN AND SHIPPING ORDERS DAILY!","link":""}},"framework--footer":{"type":"framework--footer","blocks":{"1595356734388":{"type":"menu","settings":{"menu-title":"Shop","menu":"shop-footer-menu"}},"1595356773126":{"type":"menu","settings":{"menu-title":"Help","menu":"footer"}},"1595356803625":{"type":"subscribe","settings":{"newsletter--heading":"Subscribe","newsletter--info":"<p>Sign up to our mailing list<\/p>","subscribe--show-newsletter":true}}},"block_order":["1595356734388","1595356773126","1595356803625"],"settings":{"show-currency-selector":false,"show-locale-selector":false,"show-payment-icons":false}},"framework--product-recommendations":{"type":"framework--product-recommendations","settings":{"product-similar-products-show":true,"product-similar-products-heading":"You may also like"}},"framework--blog":{"type":"framework--blog","settings":{"show-title":true,"show-tag-filter":true,"show-excerpt":true,"show-rss":true,"columns":2,"show-featured":true,"tag":"featured","image-height":"medium","alt-color":true,"apply-overlay":true}},"pages":{"type":"pages","settings":{"center-content--enabled":true}}},"content_for_index":["1519177052247","1519177181912","1519177108222"]},"presets":{"Beauty":{"typography--heading":"roboto_n7","typography--heading--uppercase":true,"typography--heading--size":"small","typography--accent":"karla_n4","typography--paragraph":"roboto_n4","typography--paragraph--size":"medium","color--accent":"#ffd7d7","color-text":"#272727","color-text-alt":"#999999","color-page-bg":"#ffffff","color-panel-bg":"#f7f7f7","color-border":"#ebebeb","color-error":"#f66767","color-button":"#ffffff","color-button-bg":"#272727","color-button-bg-hover":"#777777","color-twitter-tone":"light","color-header-bg":"#ffd7d7","color-header":"#272727","color-header-cart":"#272727","bg-color--footer":"#ffd7d7","color--footer":"#272727","color-slider-caption":"#272727","color-slider-caption-bg":"#ffffff","color-slider-button":"#f7f7f7","color-slider-button-bg":"#272727","color-slider-button-hover-bg":"#474747","color-slider-nav":"#272727","color-product-slider-bg":"#ffffff","color-featured-promo-bg":"#f7f7f7","color-social-feed-bg":"#ffffff","color-grid-sale":"#ffffff","color-grid-sale-bg":"#272727","color-grid-sold-out":"#ffffff","color-grid-sold-out-bg":"#cccccc","color-product-cart-button":"#f7f7f7","color-product-cart-button-bg":"#272727","color-product-cart-button-bg-hover":"#474747","color-tabs-accordions":"#ebebeb","sections":{"header":{"type":"header","settings":{"transparent-menu":false,"header-account-show":true,"header-menu-center":true,"menu":"main-menu","header-logo-center":true,"logo":"","logo-height":35}},"framework--footer":{"type":"framework--footer","blocks":{"footer--about":{"type":"about","settings":{"about-title":"Store"}},"footer--menu":{"type":"menu","settings":{"menu-title":"Info","menu":"footer"}},"footer--subscribe":{"type":"subscribe","settings":{"newsletter--heading":"Subscribe","subscribe--show-newsletter":true}}},"block_order":["footer--about","footer--menu","footer--subscribe"],"settings":{}},"product":{"type":"product","settings":{"product-breadcrumbs-show":true,"product-unavailable-form-show":true,"low-in-stock-amount":0,"product-modal-enabled":true,"cart-form-position":"left","product-size-chart-enabled":false,"product-size-chart-option":"size","product-size-chart-page-content":"","product-share-this-show":true,"product-share-twitter":true,"product-share-facebook":true,"product-share-pinterest":true}},"collection":{"type":"collection","settings":{"collections-breadcrumbs-show":true,"collections-tags-show":true,"collections-products-per-row":"4","mobile-items-per-row":"2"}},"1519177052247":{"type":"slideshow","blocks":{"1519177052247-0":{"type":"image","settings":{"image":"","slide-title":"Slideshow","slide-tagline":"Introduce your store or campaign with this slideshow section.","slide-link-url":"","slide-link-title":"Link to content","slide-y-pos":"middle","slide-x-pos":"left","slide-text-pos":"text-left"}},"1519177052247-1":{"type":"image","settings":{"image":"","slide-title":"Slideshow","slide-tagline":"Introduce your store or campaign with this slideshow section.","slide-link-url":"","slide-link-title":"Link to content","slide-y-pos":"middle","slide-x-pos":"left","slide-text-pos":"text-left"}}},"block_order":["1519177052247-0","1519177052247-1"],"settings":{"autoplay":true,"transition_style":"default","rotate-frequency-range":7}},"1519177108222":{"type":"framework--featured-content","settings":{"full-width":true,"background-color":"accent","text-position":"right","text-width":"small","overlap":false,"transparent-overlap":false,"alternative-color":false,"image":"","title":"Image with text","description":"<p>Use a combination of image and text to share information about your brand with your customers. Describe a product, share announcements, or welcome customers to your store<\/p>","link-url":"","link-text":""}},"1519177136360":{"type":"framework--featured-grid","blocks":{"1519177136360-0":{"type":"image","settings":{"image":"","title":"Grid image","link-url":""}},"1519177136360-1":{"type":"image","settings":{"image":"","title":"Grid image","link-url":""}},"1519177136360-2":{"type":"image","settings":{"image":"","title":"Grid image","link-url":""}},"1519177136360-3":{"type":"image","settings":{"image":"","title":"Grid image","link-url":""}},"1521155794713":{"type":"image","settings":{"image":"","title":"Grid image","link-url":""}},"1521155797117":{"type":"image","settings":{"image":"","title":"Grid image","link-url":""}}},"block_order":["1519177136360-0","1519177136360-1","1519177136360-2","1519177136360-3","1521155794713","1521155797117"],"settings":{"background-color":"none","spacing":true,"alternative-color":false,"text-position":"center","width":3,"mobile-width":"2","title":"Featured grid","subtitle":"","link-url":"","link-text":""}},"1519177181912":{"type":"featured-collection","settings":{"background-color":"none","home-product-slider-collection":"","max_products":12}},"1519177213210":{"type":"framework--featured-content","settings":{"full-width":true,"background-color":"light","text-position":"center","text-width":"large","overlap":true,"transparent-overlap":true,"alternative-color":false,"image":"","title":"Image with text","description":"<p>Use a combination of image and text to share information about your brand with your customers. Describe a product, share announcements, or welcome customers to your store<\/p>","link-url":"","link-text":""}},"1519177316120":{"type":"framework--newsletter","settings":{"background-color":"none","heading":"Subscribe to our newsletter","newsletter--subheading":"<p>A short sentence describing what someone will receive by subscribing<\/p>"}},"1521155965634":{"type":"framework--featured-text","settings":{"background-color":"none","heading":"Talk about your brand","text":"<p>Use this text to share information about your brand with your customers. Describe a product, share announcements, or welcome customers to your store.<\/p>"}},"1521155972652":{"type":"framework--featured-video","settings":{"background-color":"light","heading":""}},"1521155992953":{"type":"framework--map","settings":{"api-key":"","map-address":"391 Sutter St, San Francisco","background-color":"light","theme":"grayscale","heading":"Map","address":"<p>391 Sutter St,<br>San Francisco<br>CA 94108, USA<br><br>(555) 555-5555<\/p>","hours":"<p>Monday - Friday<br>10am - 6pm<br><br>Saturday - Sunday<br>12pm - 5pm<\/p>","image":""}},"1521156071253":{"type":"framework--featured-content","settings":{"full-width":false,"background-color":"light","text-position":"left","text-width":"small","overlap":true,"transparent-overlap":false,"alternative-color":false,"image":"","title":"Image with text","description":"<p>Use a combination of image and text to share information about your brand with your customers. Describe a product, share announcements, or welcome customers to your store<\/p>","link-url":"","link-text":""}}},"content_for_index":["1519177052247","1519177181912","1519177108222","1519177136360","1519177213210","1521155965634","1521155972652","1521156071253","1519177316120","1521155992953"]},"Adorn":{"color--accent":"#f7f2f2","color-text":"#272727","color--alternative":"#ffffff","color-page-bg":"#ffffff","color-panel-bg":"#f7f7f7","color-border":"#ebebeb","color-error":"#f66767","color-button":"#ffffff","color-button-bg":"#272727","color-header-bg":"#ffffff","color-header":"#272727","color-header-cart":"#272727","bg-color--footer":"#f7f2f2","color--footer":"#272727","color-slider-caption":"#272727","color-slider-caption-bg":"#ffffff","color-slider-button":"#f7f7f7","color-slider-button-bg":"#272727","color-slider-nav":"#272727","color-grid-sale":"#ffffff","color-grid-sale-bg":"#272727","color-grid-sold-out":"#ffffff","color-grid-sold-out-bg":"#cccccc","color-tabs-accordions":"#ebebeb","typography--heading":"itc_caslon_no_224_n4","typography--heading--uppercase":false,"typography--heading--size":"large","typography--accent":"avenir_next_n4","typography--paragraph":"avenir_next_n4","typography--paragraph--size":"medium","sections":{"header":{"type":"header","settings":{"transparent-menu":false,"header-account-show":true,"header-menu-center":true,"menu":"main-menu","header-logo-center":true,"logo":"","logo-height":35}},"product":{"type":"product","settings":{"product-breadcrumbs-show":true,"product-unavailable-form-show":true,"low-in-stock-amount":0,"product-modal-enabled":true,"cart-form-position":"left","product-size-chart-enabled":false,"product-size-chart-option":"size","product-size-chart-page-content":"","product-share-this-show":true,"product-share-twitter":true,"product-share-facebook":true,"product-share-pinterest":true}},"collection":{"type":"collection","settings":{"collections-breadcrumbs-show":true,"collections-tags-show":true,"collections-products-per-row":"4","mobile-items-per-row":"2"}},"1519177052247":{"type":"slideshow","blocks":{"1519177052247-0":{"type":"image","settings":{"image":"","slide-title":"Slideshow","slide-tagline":"Introduce your store or campaign with this slideshow section.","slide-link-url":"","slide-link-title":"Link to content","slide-y-pos":"middle","slide-x-pos":"left","slide-text-pos":"text-left"}},"1519177052247-1":{"type":"image","settings":{"image":"","slide-title":"Slideshow","slide-tagline":"Introduce your store or campaign with this slideshow section.","slide-link-url":"","slide-link-title":"Link to content","slide-y-pos":"middle","slide-x-pos":"left","slide-text-pos":"text-left"}}},"block_order":["1519177052247-0","1519177052247-1"],"settings":{"autoplay":true,"transition_style":"default","rotate-frequency-range":7}},"1519177108222":{"type":"framework--featured-content","settings":{"full-width":true,"background-color":"accent","text-position":"right","text-width":"small","overlap":false,"transparent-overlap":false,"alternative-color":false,"image":"","title":"Image with text","description":"<p>Use a combination of image and text to share information about your brand with your customers. Describe a product, share announcements, or welcome customers to your store<\/p>","link-url":"","link-text":""}},"1519177136360":{"type":"framework--featured-grid","blocks":{"1519177136360-0":{"type":"image","settings":{"image":"","title":"Grid image","link-url":""}},"1519177136360-1":{"type":"image","settings":{"image":"","title":"Grid image","link-url":""}},"1519177136360-2":{"type":"image","settings":{"image":"","title":"Grid image","link-url":""}},"1519177136360-3":{"type":"image","settings":{"image":"","title":"Grid image","link-url":""}},"1521155794713":{"type":"image","settings":{"image":"","title":"Grid image","link-url":""}},"1521155797117":{"type":"image","settings":{"image":"","title":"Grid image","link-url":""}}},"block_order":["1519177136360-0","1519177136360-1","1519177136360-2","1519177136360-3","1521155794713","1521155797117"],"settings":{"background-color":"none","spacing":true,"alternative-color":false,"text-position":"center","width":3,"mobile-width":"2","title":"Featured grid","subtitle":"","link-url":"","link-text":""}},"1519177181912":{"type":"featured-collection","settings":{"background-color":"none","home-product-slider-collection":"","max_products":12}},"1519177213210":{"type":"framework--featured-content","settings":{"full-width":true,"background-color":"light","text-position":"center","text-width":"large","overlap":true,"transparent-overlap":true,"alternative-color":false,"image":"","title":"Image with text","description":"<p>Use a combination of image and text to share information about your brand with your customers. Describe a product, share announcements, or welcome customers to your store<\/p>","link-url":"","link-text":""}},"1519177316120":{"type":"framework--newsletter","settings":{"background-color":"none","heading":"Subscribe to our newsletter","newsletter--subheading":"<p>A short sentence describing what someone will receive by subscribing<\/p>"}},"1521155965634":{"type":"framework--featured-text","settings":{"background-color":"none","heading":"Talk about your brand","text":"<p>Use this text to share information about your brand with your customers. Describe a product, share announcements, or welcome customers to your store.<\/p>"}},"1521155972652":{"type":"framework--featured-video","settings":{"background-color":"light","heading":""}},"1521155992953":{"type":"framework--map","settings":{"api-key":"","map-address":"391 Sutter St, San Francisco","background-color":"light","theme":"grayscale","heading":"Map","address":"<p>391 Sutter St,<br>San Francisco<br>CA 94108, USA<br><br>(555) 555-5555<\/p>","hours":"<p>Monday - Friday<br>10am - 6pm<br><br>Saturday - Sunday<br>12pm - 5pm<\/p>","image":""}},"1521156071253":{"type":"framework--featured-content","settings":{"full-width":false,"background-color":"light","text-position":"left","text-width":"small","overlap":true,"transparent-overlap":false,"alternative-color":false,"image":"","title":"Image with text","description":"<p>Use a combination of image and text to share information about your brand with your customers. Describe a product, share announcements, or welcome customers to your store<\/p>","link-url":"","link-text":""}}},"content_for_index":["1519177052247","1519177181912","1519177108222","1519177136360","1519177213210","1521155965634","1521155972652","1521156071253","1519177316120","1521155992953"]},"Summer":{"typography--heading":"gill_sans_nova_n4","typography--heading--uppercase":false,"typography--heading--size":"medium","typography--accent":"gill_sans_nova_n4","typography--paragraph":"gill_sans_nova_n4","typography--paragraph--size":"medium","color--accent":"#ffe0c8","color-text":"#444444","color--alternative":"#ffffff","color-page-bg":"#ffffff","color-panel-bg":"#f7f7f7","color-border":"#ebebeb","color-error":"#f66767","color-button":"#ffffff","color-button-bg":"#444444","color-header-bg":"#F7F7F7","color-header":"#444444","color-header-cart":"#444444","bg-color--footer":"#f7f7f7","color--footer":"#333333","color-slider-caption":"#444444","color-slider-caption-bg":"#ffffff","color-slider-button":"#f7f7f7","color-slider-button-bg":"#444444","color-slider-button-hover-bg":"#999999","color-slider-nav":"#444444","color-grid-sale":"#ffffff","color-grid-sale-bg":"#444444","color-grid-sold-out":"#ffffff","color-grid-sold-out-bg":"#cccccc","color-tabs-accordions":"#ebebeb","color-twitter-tone":"light","color-link":"#999999","color-link-hover":"#444444","color-text-alt":"#999999","color-button-bg-hover":"#777777","color-product-slider-bg":"#ffffff","color-featured-promo-bg":"#f7f7f7","color-social-feed-bg":"#ffffff","color-product-cart-button":"#f7f7f7","color-product-cart-button-bg":"#444444","color-product-cart-button-bg-hover":"#999999","sections":{"header":{"type":"header","settings":{"transparent-menu":false,"header-account-show":true,"header-menu-center":true,"menu":"main-menu","header-logo-center":true,"logo":"","logo-height":35}},"product":{"type":"product","settings":{"product-breadcrumbs-show":true,"product-unavailable-form-show":true,"low-in-stock-amount":0,"product-modal-enabled":true,"cart-form-position":"left","product-size-chart-enabled":false,"product-size-chart-option":"size","product-size-chart-page-content":"","product-share-this-show":true,"product-share-twitter":true,"product-share-facebook":true,"product-share-pinterest":true}},"collection":{"type":"collection","settings":{"collections-breadcrumbs-show":true,"collections-tags-show":true,"collections-products-per-row":"4","mobile-items-per-row":"2"}},"1519177052247":{"type":"slideshow","blocks":{"1519177052247-0":{"type":"image","settings":{"image":"","slide-title":"Slideshow","slide-tagline":"Introduce your store or campaign with this slideshow section.","slide-link-url":"","slide-link-title":"Link to content","slide-y-pos":"middle","slide-x-pos":"left","slide-text-pos":"text-left"}},"1519177052247-1":{"type":"image","settings":{"image":"","slide-title":"Slideshow","slide-tagline":"Introduce your store or campaign with this slideshow section.","slide-link-url":"","slide-link-title":"Link to content","slide-y-pos":"middle","slide-x-pos":"left","slide-text-pos":"text-left"}}},"block_order":["1519177052247-0","1519177052247-1"],"settings":{"autoplay":true,"transition_style":"default","rotate-frequency-range":7}},"1519177108222":{"type":"framework--featured-content","settings":{"full-width":true,"background-color":"accent","text-position":"right","text-width":"small","overlap":false,"transparent-overlap":false,"alternative-color":false,"image":"","title":"Image with text","description":"<p>Use a combination of image and text to share information about your brand with your customers. Describe a product, share announcements, or welcome customers to your store<\/p>","link-url":"","link-text":""}},"1519177136360":{"type":"framework--featured-grid","blocks":{"1519177136360-0":{"type":"image","settings":{"image":"","title":"Grid image","link-url":""}},"1519177136360-1":{"type":"image","settings":{"image":"","title":"Grid image","link-url":""}},"1519177136360-2":{"type":"image","settings":{"image":"","title":"Grid image","link-url":""}},"1519177136360-3":{"type":"image","settings":{"image":"","title":"Grid image","link-url":""}},"1521155794713":{"type":"image","settings":{"image":"","title":"Grid image","link-url":""}},"1521155797117":{"type":"image","settings":{"image":"","title":"Grid image","link-url":""}}},"block_order":["1519177136360-0","1519177136360-1","1519177136360-2","1519177136360-3","1521155794713","1521155797117"],"settings":{"background-color":"none","spacing":true,"alternative-color":false,"text-position":"center","width":3,"mobile-width":"2","title":"Featured grid","subtitle":"","link-url":"","link-text":""}},"1519177181912":{"type":"featured-collection","settings":{"background-color":"none","home-product-slider-collection":"","max_products":12}},"1519177213210":{"type":"framework--featured-content","settings":{"full-width":true,"background-color":"light","text-position":"center","text-width":"large","overlap":true,"transparent-overlap":true,"alternative-color":false,"image":"","title":"Image with text","description":"<p>Use a combination of image and text to share information about your brand with your customers. Describe a product, share announcements, or welcome customers to your store<\/p>","link-url":"","link-text":""}},"1519177316120":{"type":"framework--newsletter","settings":{"background-color":"none","heading":"Subscribe to our newsletter","newsletter--subheading":"<p>A short sentence describing what someone will receive by subscribing<\/p>"}},"1521155965634":{"type":"framework--featured-text","settings":{"background-color":"none","heading":"Talk about your brand","text":"<p>Use this text to share information about your brand with your customers. Describe a product, share announcements, or welcome customers to your store.<\/p>"}},"1521155972652":{"type":"framework--featured-video","settings":{"background-color":"light","heading":""}},"1521155992953":{"type":"framework--map","settings":{"api-key":"","map-address":"391 Sutter St, San Francisco","background-color":"light","theme":"grayscale","heading":"Map","address":"<p>391 Sutter St,<br>San Francisco<br>CA 94108, USA<br><br>(555) 555-5555<\/p>","hours":"<p>Monday - Friday<br>10am - 6pm<br><br>Saturday - Sunday<br>12pm - 5pm<\/p>","image":""}},"1521156071253":{"type":"framework--featured-content","settings":{"full-width":false,"background-color":"light","text-position":"left","text-width":"small","overlap":true,"transparent-overlap":false,"alternative-color":false,"image":"","title":"Image with text","description":"<p>Use a combination of image and text to share information about your brand with your customers. Describe a product, share announcements, or welcome customers to your store<\/p>","link-url":"","link-text":""}}},"content_for_index":["1519177052247","1519177181912","1519177108222","1519177136360","1519177213210","1521155965634","1521155972652","1521156071253","1519177316120","1521155992953"]},"Deli":{"typography--heading":"futura_n4","typography--heading--uppercase":false,"typography--heading--size":"medium","typography--accent":"karla_n4","typography--paragraph":"karla_n4","typography--paragraph--size":"medium","color--accent":"#fff8d9","color-text":"#444444","color-text-alt":"#999999","color-page-bg":"#ffffff","color-panel-bg":"#f7f7f7","color-border":"#ebebeb","color-error":"#f66767","color-button":"#ffffff","color-button-bg":"#444444","color-button-bg-hover":"#777777","color-twitter-tone":"light","color-header-bg":"#f7f7f7","color-header":"#444444","color-header-cart":"#444444","bg-color--footer":"#f7f7f7","color--footer":"#333333","color-slider-caption":"#444444","color-slider-caption-bg":"#ffffff","color-slider-button":"#f7f7f7","color-slider-button-bg":"#444444","color-slider-button-hover-bg":"#999999","color-slider-nav":"#444444","color-product-slider-bg":"#ffffff","color-featured-promo-bg":"#f7f7f7","color-social-feed-bg":"#ffffff","color-grid-sale":"#ffffff","color-grid-sale-bg":"#444444","color-grid-sold-out":"#ffffff","color-grid-sold-out-bg":"#cccccc","color-product-cart-button":"#f7f7f7","color-product-cart-button-bg":"#444444","color-product-cart-button-bg-hover":"#999999","color-tabs-accordions":"#ebebeb","sections":{"header":{"type":"header","settings":{"transparent-menu":false,"header-account-show":true,"header-menu-center":true,"menu":"main-menu","header-logo-center":true,"logo":"","logo-height":35}},"product":{"type":"product","settings":{"product-breadcrumbs-show":true,"product-unavailable-form-show":true,"low-in-stock-amount":0,"product-modal-enabled":true,"cart-form-position":"left","product-size-chart-enabled":false,"product-size-chart-option":"size","product-size-chart-page-content":"","product-share-this-show":true,"product-share-twitter":true,"product-share-facebook":true,"product-share-pinterest":true}},"collection":{"type":"collection","settings":{"collections-breadcrumbs-show":true,"collections-tags-show":true,"collections-products-per-row":"4","mobile-items-per-row":"2"}},"1519177052247":{"type":"slideshow","blocks":{"1519177052247-0":{"type":"image","settings":{"image":"","slide-title":"Slideshow","slide-tagline":"Introduce your store or campaign with this slideshow section.","slide-link-url":"","slide-link-title":"Link to content","slide-y-pos":"middle","slide-x-pos":"left","slide-text-pos":"text-left"}},"1519177052247-1":{"type":"image","settings":{"image":"","slide-title":"Slideshow","slide-tagline":"Introduce your store or campaign with this slideshow section.","slide-link-url":"","slide-link-title":"Link to content","slide-y-pos":"middle","slide-x-pos":"left","slide-text-pos":"text-left"}}},"block_order":["1519177052247-0","1519177052247-1"],"settings":{"autoplay":true,"transition_style":"default","rotate-frequency-range":7}},"1519177108222":{"type":"framework--featured-content","settings":{"full-width":true,"background-color":"accent","text-position":"right","text-width":"small","overlap":false,"transparent-overlap":false,"alternative-color":false,"image":"","title":"Image with text","description":"<p>Use a combination of image and text to share information about your brand with your customers. Describe a product, share announcements, or welcome customers to your store<\/p>","link-url":"","link-text":""}},"1519177136360":{"type":"framework--featured-grid","blocks":{"1519177136360-0":{"type":"image","settings":{"image":"","title":"Grid image","link-url":""}},"1519177136360-1":{"type":"image","settings":{"image":"","title":"Grid image","link-url":""}},"1519177136360-2":{"type":"image","settings":{"image":"","title":"Grid image","link-url":""}},"1519177136360-3":{"type":"image","settings":{"image":"","title":"Grid image","link-url":""}},"1521155794713":{"type":"image","settings":{"image":"","title":"Grid image","link-url":""}},"1521155797117":{"type":"image","settings":{"image":"","title":"Grid image","link-url":""}}},"block_order":["1519177136360-0","1519177136360-1","1519177136360-2","1519177136360-3","1521155794713","1521155797117"],"settings":{"background-color":"none","spacing":true,"alternative-color":false,"text-position":"center","width":3,"mobile-width":"2","title":"Featured grid","subtitle":"","link-url":"","link-text":""}},"1519177181912":{"type":"featured-collection","settings":{"background-color":"none","home-product-slider-collection":"","max_products":12}},"1519177213210":{"type":"framework--featured-content","settings":{"full-width":true,"background-color":"light","text-position":"center","text-width":"large","overlap":true,"transparent-overlap":true,"alternative-color":false,"image":"","title":"Image with text","description":"<p>Use a combination of image and text to share information about your brand with your customers. Describe a product, share announcements, or welcome customers to your store<\/p>","link-url":"","link-text":""}},"1519177316120":{"type":"framework--newsletter","settings":{"background-color":"none","heading":"Subscribe to our newsletter","newsletter--subheading":"<p>A short sentence describing what someone will receive by subscribing<\/p>"}},"1521155965634":{"type":"framework--featured-text","settings":{"background-color":"none","heading":"Talk about your brand","text":"<p>Use this text to share information about your brand with your customers. Describe a product, share announcements, or welcome customers to your store.<\/p>"}},"1521155972652":{"type":"framework--featured-video","settings":{"background-color":"light","heading":""}},"1521155992953":{"type":"framework--map","settings":{"api-key":"","map-address":"391 Sutter St, San Francisco","background-color":"light","theme":"grayscale","heading":"Map","address":"<p>391 Sutter St,<br>San Francisco<br>CA 94108, USA<br><br>(555) 555-5555<\/p>","hours":"<p>Monday - Friday<br>10am - 6pm<br><br>Saturday - Sunday<br>12pm - 5pm<\/p>","image":""}},"1521156071253":{"type":"framework--featured-content","settings":{"full-width":false,"background-color":"light","text-position":"left","text-width":"small","overlap":true,"transparent-overlap":false,"alternative-color":false,"image":"","title":"Image with text","description":"<p>Use a combination of image and text to share information about your brand with your customers. Describe a product, share announcements, or welcome customers to your store<\/p>","link-url":"","link-text":""}}},"content_for_index":["1519177052247","1519177181912","1519177108222","1519177136360","1519177213210","1521155965634","1521155972652","1521156071253","1519177316120","1521155992953"]}}}